[
{
  "model": "accounts.user",
  "pk": 1,
  "fields": {
    "password": "pbkdf2_sha256$600000$wUBL0qgywChMlOJ8GKAM4h$MgsDs1N8VzZNyHSUYd0A3ZWys0KIGaG+GGd6moFDI+A=",
    "last_login": "2025-06-19T12:31:04.595Z",
    "is_superuser": true,
    "username": "admin",
    "first_name": "",
    "last_name": "",
    "email": "admin@example.com",
    "is_staff": true,
    "is_active": true,
    "date_joined": "2025-06-19T12:27:53.032Z",
    "image": "",
    "phone": "",
    "branch": null,
    "is_inspection_technician": false,
    "default_theme": "default",
    "updated_at": "2025-06-19T12:27:53.722Z",
    "groups": [],
    "user_permissions": [],
    "departments": []
  }
},
{
  "model": "accounts.user",
  "pk": 2,
  "fields": {
    "password": "pbkdf2_sha256$600000$YfdYUsvGMntNN8C0P6b9R2$kW+IjksXCZ6gkLBrFwhHnYVvQ6JL7Xd3JC6mxwuXwsA=",
    "last_login": "2025-06-12T13:12:58Z",
    "is_superuser": true,
    "username": "aishaa",
    "first_name": "Aishaa",
    "last_name": "",
    "email": "info@elkhawaga.com",
    "is_staff": true,
    "is_active": true,
    "date_joined": "2025-05-27T09:46:12Z",
    "image": "",
    "phone": "",
    "branch": 1,
    "is_inspection_technician": false,
    "default_theme": "custom-theme",
    "updated_at": "2025-06-14T07:49:19.564Z",
    "groups": [],
    "user_permissions": [
      2131,
      2132,
      2133,
      2135,
      2137,
      2138,
      2139,
      2140,
      2141,
      2142,
      2143,
      2144,
      2173,
      2174,
      2175,
      2176,
      2177,
      2178,
      2179,
      2180,
      2181,
      2182,
      2183,
      2184,
      2185,
      2186,
      2187,
      2188,
      2305,
      2306,
      2307,
      2308,
      2309,
      2310,
      2311,
      2312,
      2313,
      2314,
      2315,
      2316
    ],
    "departments": [
      34,
      35,
      37
    ]
  }
},
{
  "model": "accounts.user",
  "pk": 3,
  "fields": {
    "password": "pbkdf2_sha256$600000$mKBB9FYlXPWS7uzM2AtyqR$93FzpMcXpZhqammrh94R6CAJiv8hasdoWPnuKTTCjxw=",
    "last_login": "2025-06-04T17:44:05Z",
    "is_superuser": true,
    "username": "wael",
    "first_name": "وائل",
    "last_name": "الخواجة",
    "email": "",
    "is_staff": true,
    "is_active": true,
    "date_joined": "2025-05-26T16:35:26Z",
    "image": "",
    "phone": "",
    "branch": 1,
    "is_inspection_technician": false,
    "default_theme": "custom-theme",
    "updated_at": "2025-06-14T07:49:51.981Z",
    "groups": [],
    "user_permissions": [],
    "departments": [
      34,
      35,
      36,
      37,
      38,
      39,
      40
    ]
  }
},
{
  "model": "accounts.user",
  "pk": 4,
  "fields": {
    "password": "pbkdf2_sha256$600000$Bkw5TMi02vk1EBZTDSyogN$QdEaUa6JhlS4THFZNGf6aCBmnTWiMpo32L+jfc/DdYE=",
    "last_login": "2025-05-27T10:21:00Z",
    "is_superuser": true,
    "username": "Iman",
    "first_name": "Iman",
    "last_name": "",
    "email": "info@elkhawaga.com",
    "is_staff": true,
    "is_active": true,
    "date_joined": "2025-05-27T09:54:01Z",
    "image": "",
    "phone": "",
    "branch": 1,
    "is_inspection_technician": false,
    "default_theme": "custom-theme",
    "updated_at": "2025-06-14T07:50:33.940Z",
    "groups": [],
    "user_permissions": [
      2131,
      2132,
      2133,
      2135,
      2137,
      2138,
      2139,
      2140,
      2141,
      2142,
      2143,
      2144,
      2305,
      2306,
      2307,
      2308,
      2309,
      2310,
      2311,
      2312,
      2313,
      2314,
      2315,
      2316
    ],
    "departments": [
      34,
      35
    ]
  }
},
{
  "model": "accounts.user",
  "pk": 5,
  "fields": {
    "password": "pbkdf2_sha256$600000$Cs1lflBHjvnnCXDDNG5A0l$v67rYJZjrogIf9g3fqACr00zHIRr67v4c53TUwwr5Bk=",
    "last_login": "2025-06-14T12:20:43.220Z",
    "is_superuser": true,
    "username": "Dr.Ahmed",
    "first_name": "Ahmed",
    "last_name": "Basha",
    "email": "dr.ahmed@elkhawaga.com",
    "is_staff": true,
    "is_active": true,
    "date_joined": "2025-05-26T17:40:38Z",
    "image": "",
    "phone": "01220280002",
    "branch": 1,
    "is_inspection_technician": false,
    "default_theme": "custom-theme",
    "updated_at": "2025-06-14T07:49:27.983Z",
    "groups": [],
    "user_permissions": [],
    "departments": [
      34,
      35,
      36,
      37,
      38,
      39,
      40,
      8
    ]
  }
},
{
  "model": "accounts.user",
  "pk": 6,
  "fields": {
    "password": "pbkdf2_sha256$600000$vaQF1O57Q7SiYUdTSo9KHa$n4lH5wn2hZR4udOuY/W2nwCnEP+SyVzQiEVACt3yxYg=",
    "last_login": "2025-06-15T17:24:32.993Z",
    "is_superuser": true,
    "username": "zakee.tahawi",
    "first_name": "مدير",
    "last_name": "النظام",
    "email": "admin@example.com",
    "is_staff": true,
    "is_active": true,
    "date_joined": "2025-05-22T14:57:06Z",
    "image": "",
    "phone": "",
    "branch": 1,
    "is_inspection_technician": true,
    "default_theme": "custom-theme",
    "updated_at": "2025-06-14T07:49:06.990Z",
    "groups": [],
    "user_permissions": [],
    "departments": []
  }
},
{
  "model": "accounts.user",
  "pk": 7,
  "fields": {
    "password": "pbkdf2_sha256$600000$PxMGDCt5givP2co86OyKqC$Mp+ZdkgkpW6YeO4oOtaA5nMSOaI7h85oe47GGd2KAHQ=",
    "last_login": "2025-06-16T18:29:22.224Z",
    "is_superuser": false,
    "username": "Hisham",
    "first_name": "Hisham",
    "last_name": "Eldeeb",
    "email": "",
    "is_staff": false,
    "is_active": true,
    "date_joined": "2025-06-16T18:09:47Z",
    "image": "",
    "phone": "01282026289",
    "branch": 1,
    "is_inspection_technician": false,
    "default_theme": "default",
    "updated_at": "2025-06-16T18:16:05.885Z",
    "groups": [],
    "user_permissions": [
      2063,
      2064,
      2065,
      2066,
      2067,
      2091,
      2092,
      2093,
      2094,
      2131,
      2132,
      2133,
      2134,
      2135,
      2136,
      2137,
      2138,
      2139,
      2140,
      2141,
      2142,
      2143,
      2144,
      2145,
      2146,
      2147,
      2148,
      2173,
      2174,
      2175,
      2176,
      2177,
      2178,
      2179,
      2180,
      2181,
      2182,
      2183,
      2184,
      2185,
      2186,
      2187,
      2188,
      2189,
      2190,
      2191,
      2192,
      2193,
      2194,
      2195,
      2196,
      2197,
      2198,
      2199,
      2200,
      2205,
      2206,
      2207,
      2208,
      2209,
      2210,
      2211,
      2212,
      2297,
      2298,
      2299,
      2300,
      2301,
      2302,
      2303,
      2304,
      2305,
      2306,
      2307,
      2308,
      2309,
      2310,
      2311,
      2312,
      2313,
      2314,
      2315,
      2316,
      2325,
      2326,
      2327,
      2328,
      2329,
      2330,
      2331,
      2332,
      2333,
      2334,
      2335,
      2336
    ],
    "departments": [
      38
    ]
  }
},
{
  "model": "accounts.user",
  "pk": 8,
  "fields": {
    "password": "pbkdf2_sha256$600000$Fzkr1PGjJRCN2eaCP4GJCb$BzGSAAlA2LiZR236+mdpsjlPmQNPknKEKyvQ90/XgJ8=",
    "last_login": "2025-06-13T13:36:15Z",
    "is_superuser": true,
    "username": "abdelmasseh",
    "first_name": "عبد",
    "last_name": "المسيح",
    "email": "info@elkhawaga.com",
    "is_staff": true,
    "is_active": true,
    "date_joined": "2025-06-13T13:32:45Z",
    "image": "",
    "phone": "01206115672",
    "branch": 1,
    "is_inspection_technician": false,
    "default_theme": "custom-theme",
    "updated_at": "2025-06-14T07:49:13.322Z",
    "groups": [],
    "user_permissions": [
      2051,
      2052,
      2053,
      2054,
      2055,
      2056,
      2057,
      2058,
      2059,
      2060,
      2061,
      2062,
      2063,
      2064,
      2065,
      2066,
      2067,
      2068,
      2069,
      2070,
      2071,
      2072,
      2073,
      2074,
      2075,
      2076,
      2077,
      2078,
      2079,
      2080,
      2081,
      2082,
      2083,
      2084,
      2085,
      2086,
      2087,
      2088,
      2089,
      2090,
      2091,
      2092,
      2093,
      2094,
      2095,
      2096,
      2097,
      2098,
      2099,
      2100,
      2101,
      2102,
      2103,
      2104,
      2105,
      2106,
      2107,
      2108,
      2109,
      2110,
      2111,
      2112,
      2113,
      2114,
      2115,
      2116,
      2117,
      2118,
      2119,
      2120,
      2121,
      2122,
      2123,
      2124,
      2125,
      2126,
      2127,
      2128,
      2129,
      2130,
      2131,
      2132,
      2133,
      2134,
      2135,
      2136,
      2137,
      2138,
      2139,
      2140,
      2141,
      2142,
      2143,
      2144,
      2145,
      2146,
      2147,
      2148,
      2149,
      2150,
      2151,
      2152,
      2153,
      2154,
      2155,
      2156,
      2157,
      2158,
      2159,
      2160,
      2161,
      2162,
      2163,
      2164,
      2165,
      2166,
      2167,
      2168,
      2169,
      2170,
      2171,
      2172,
      2173,
      2174,
      2175,
      2176,
      2177,
      2178,
      2179,
      2180,
      2181,
      2182,
      2183,
      2184,
      2185,
      2186,
      2187,
      2188,
      2189,
      2190,
      2191,
      2192,
      2193,
      2194,
      2195,
      2196,
      2197,
      2198,
      2199,
      2200,
      2201,
      2202,
      2203,
      2204,
      2205,
      2206,
      2207,
      2208,
      2209,
      2210,
      2211,
      2212,
      2213,
      2214,
      2215,
      2216,
      2217,
      2218,
      2219,
      2220,
      2221,
      2222,
      2223,
      2224,
      2225,
      2226,
      2227,
      2228,
      2229,
      2230,
      2231,
      2232,
      2233,
      2234,
      2235,
      2236,
      2237,
      2238,
      2239,
      2240,
      2241,
      2242,
      2243,
      2244,
      2245,
      2246,
      2247,
      2248,
      2249,
      2250,
      2251,
      2252,
      2253,
      2254,
      2255,
      2256,
      2257,
      2258,
      2259,
      2260,
      2261,
      2262,
      2263,
      2264,
      2265,
      2266,
      2267,
      2268,
      2269,
      2270,
      2271,
      2272,
      2273,
      2274,
      2275,
      2276,
      2277,
      2278,
      2279,
      2280,
      2281,
      2282,
      2283,
      2284,
      2289,
      2290,
      2291,
      2292,
      2293,
      2294,
      2295,
      2296,
      2297,
      2298,
      2299,
      2300,
      2301,
      2302,
      2303,
      2304,
      2305,
      2306,
      2307,
      2308,
      2309,
      2310,
      2311,
      2312,
      2313,
      2314,
      2315,
      2316,
      2317,
      2318,
      2319,
      2320,
      2321,
      2322,
      2323,
      2324,
      2325,
      2326,
      2327,
      2328,
      2329,
      2330,
      2331,
      2332,
      2333,
      2334,
      2335,
      2336,
      2337,
      2338,
      2339,
      2340,
      2341,
      2342,
      2343,
      2344,
      2345,
      2346,
      2347,
      2348
    ],
    "departments": [
      34,
      35,
      36,
      37,
      38,
      39,
      40,
      8
    ]
  }
},
{
  "model": "accounts.branch",
  "pk": 1,
  "fields": {
    "code": "1",
    "name": "الادارة",
    "address": "",
    "phone": null,
    "email": null,
    "is_main_branch": true,
    "is_active": true
  }
},
{
  "model": "accounts.branch",
  "pk": 2,
  "fields": {
    "code": "14",
    "name": "Open Air",
    "address": "مدينتي - اوبن اير مول",
    "phone": "01212888463",
    "email": "openair@elkhawaga.com",
    "is_main_branch": false,
    "is_active": true
  }
},
{
  "model": "accounts.branch",
  "pk": 4,
  "fields": {
    "code": "2",
    "name": "فرع الازهر طلعت",
    "address": "",
    "phone": "01282026269",
    "email": null,
    "is_main_branch": false,
    "is_active": true
  }
},
{
  "model": "accounts.branch",
  "pk": 5,
  "fields": {
    "code": "3",
    "name": "فرع الازهر مايكل",
    "address": "",
    "phone": "01144531068",
    "email": null,
    "is_main_branch": false,
    "is_active": true
  }
},
{
  "model": "accounts.branch",
  "pk": 6,
  "fields": {
    "code": "4",
    "name": "فرع الازهر كرم",
    "address": "",
    "phone": "01282025917",
    "email": null,
    "is_main_branch": false,
    "is_active": true
  }
},
{
  "model": "accounts.branch",
  "pk": 7,
  "fields": {
    "code": "5",
    "name": "فرع القلعه",
    "address": "",
    "phone": "01556136558",
    "email": null,
    "is_main_branch": false,
    "is_active": true
  }
},
{
  "model": "accounts.branch",
  "pk": 8,
  "fields": {
    "code": "7",
    "name": "فرع النحاس",
    "address": "",
    "phone": "01222420390",
    "email": null,
    "is_main_branch": false,
    "is_active": true
  }
},
{
  "model": "accounts.branch",
  "pk": 9,
  "fields": {
    "code": "8",
    "name": "فرع المول",
    "address": "",
    "phone": "01282025938",
    "email": null,
    "is_main_branch": false,
    "is_active": true
  }
},
{
  "model": "accounts.branch",
  "pk": 10,
  "fields": {
    "code": "10",
    "name": "فرع المعادي",
    "address": "",
    "phone": "01276482996",
    "email": "info@elkhawaga.com",
    "is_main_branch": false,
    "is_active": true
  }
},
{
  "model": "accounts.branch",
  "pk": 11,
  "fields": {
    "code": "11",
    "name": "فرع الدقي",
    "address": "",
    "phone": "01200068203",
    "email": null,
    "is_main_branch": false,
    "is_active": true
  }
},
{
  "model": "accounts.branch",
  "pk": 12,
  "fields": {
    "code": "9",
    "name": "فرع اكتوبر",
    "address": "",
    "phone": "01282026334",
    "email": null,
    "is_main_branch": false,
    "is_active": true
  }
},
{
  "model": "accounts.branch",
  "pk": 13,
  "fields": {
    "code": "12",
    "name": "فرع فيصل",
    "address": "",
    "phone": "01211625965",
    "email": null,
    "is_main_branch": false,
    "is_active": true
  }
},
{
  "model": "accounts.branch",
  "pk": 14,
  "fields": {
    "code": "13",
    "name": "فرع الشيخ زايد",
    "address": "",
    "phone": "01282025862",
    "email": null,
    "is_main_branch": false,
    "is_active": true
  }
},
{
  "model": "accounts.branch",
  "pk": 15,
  "fields": {
    "code": "15",
    "name": "east hup",
    "address": "",
    "phone": "01287553717",
    "email": null,
    "is_main_branch": false,
    "is_active": true
  }
},
{
  "model": "accounts.branch",
  "pk": 16,
  "fields": {
    "code": "16",
    "name": "فرع النزهه",
    "address": "",
    "phone": "01212888465",
    "email": null,
    "is_main_branch": false,
    "is_active": true
  }
},
{
  "model": "accounts.branch",
  "pk": 17,
  "fields": {
    "code": "18",
    "name": "online & hotline",
    "address": "",
    "phone": "19148",
    "email": "info@elkhawaga.com",
    "is_main_branch": false,
    "is_active": true
  }
},
{
  "model": "accounts.branch",
  "pk": 18,
  "fields": {
    "code": "17",
    "name": "فرع الساحل الشمالي",
    "address": "",
    "phone": "01206780275",
    "email": null,
    "is_main_branch": false,
    "is_active": true
  }
},
{
  "model": "accounts.branch",
  "pk": 19,
  "fields": {
    "code": "19",
    "name": "قسم مبيعات الجمله (B2B)",
    "address": "",
    "phone": "01206772640",
    "email": null,
    "is_main_branch": false,
    "is_active": true
  }
},
{
  "model": "accounts.department",
  "pk": 8,
  "fields": {
    "name": "إدارة البيانات",
    "code": "data_management",
    "department_type": "department",
    "description": null,
    "icon": "fas fa-database",
    "url_name": "data_management:index",
    "is_active": true,
    "is_core": true,
    "order": 80,
    "parent": null,
    "has_pages": true,
    "manager": null
  }
},
{
  "model": "accounts.department",
  "pk": 34,
  "fields": {
    "name": "العملاء",
    "code": "customers",
    "department_type": "department",
    "description": null,
    "icon": "fas fa-users",
    "url_name": "customers:customer_list",
    "is_active": true,
    "is_core": true,
    "order": 10,
    "parent": null,
    "has_pages": false,
    "manager": null
  }
},
{
  "model": "accounts.department",
  "pk": 35,
  "fields": {
    "name": "الطلبات",
    "code": "orders",
    "department_type": "department",
    "description": null,
    "icon": "fas fa-shopping-cart",
    "url_name": "orders:order_list",
    "is_active": true,
    "is_core": true,
    "order": 20,
    "parent": null,
    "has_pages": false,
    "manager": null
  }
},
{
  "model": "accounts.department",
  "pk": 36,
  "fields": {
    "name": "المخزون",
    "code": "inventory",
    "department_type": "department",
    "description": null,
    "icon": "fas fa-boxes",
    "url_name": "inventory:dashboard",
    "is_active": true,
    "is_core": true,
    "order": 30,
    "parent": null,
    "has_pages": false,
    "manager": null
  }
},
{
  "model": "accounts.department",
  "pk": 37,
  "fields": {
    "name": "المعاينات",
    "code": "inspections",
    "department_type": "department",
    "description": null,
    "icon": "fas fa-clipboard-check",
    "url_name": "inspections:inspection_list",
    "is_active": true,
    "is_core": true,
    "order": 40,
    "parent": null,
    "has_pages": false,
    "manager": null
  }
},
{
  "model": "accounts.department",
  "pk": 38,
  "fields": {
    "name": "التركيبات",
    "code": "installations",
    "department_type": "department",
    "description": null,
    "icon": "fas fa-tools",
    "url_name": "installations:dashboard",
    "is_active": true,
    "is_core": true,
    "order": 50,
    "parent": null,
    "has_pages": false,
    "manager": null
  }
},
{
  "model": "accounts.department",
  "pk": 39,
  "fields": {
    "name": "المصنع",
    "code": "factory",
    "department_type": "department",
    "description": null,
    "icon": "fas fa-industry",
    "url_name": "factory:factory_list",
    "is_active": true,
    "is_core": true,
    "order": 60,
    "parent": null,
    "has_pages": false,
    "manager": null
  }
},
{
  "model": "accounts.department",
  "pk": 40,
  "fields": {
    "name": "التقارير",
    "code": "reports",
    "department_type": "department",
    "description": null,
    "icon": "fas fa-chart-bar",
    "url_name": "reports:dashboard",
    "is_active": true,
    "is_core": true,
    "order": 70,
    "parent": null,
    "has_pages": false,
    "manager": null
  }
},
{
  "model": "accounts.notification",
  "pk": 12,
  "fields": {
    "title": "طلب معاينة جديد",
    "message": "تم إنشاء طلب معاينة جديد للعميل zakee tahawi من الطلب 16-0001-0001",
    "priority": "high",
    "created_at": "2025-06-04T15:16:56.109Z",
    "updated_at": "2025-06-04T16:13:39.398Z",
    "read_at": "2025-06-04T16:13:39.398Z",
    "is_read": true,
    "read_by": null,
    "sender": 6,
    "target_department": 37,
    "target_branch": 16,
    "content_type": null,
    "object_id": null,
    "sender_department": null,
    "target_users": []
  }
},
{
  "model": "accounts.notification",
  "pk": 14,
  "fields": {
    "title": "طلب معاينة جديد",
    "message": "تم إنشاء طلب معاينة جديد للعميل zakee tahawi من الطلب 16-0002-0001",
    "priority": "high",
    "created_at": "2025-06-04T16:57:19.337Z",
    "updated_at": "2025-06-04T16:58:32.521Z",
    "read_at": "2025-06-04T16:58:32.521Z",
    "is_read": true,
    "read_by": 6,
    "sender": 6,
    "target_department": 37,
    "target_branch": 16,
    "content_type": null,
    "object_id": null,
    "sender_department": null,
    "target_users": []
  }
},
{
  "model": "accounts.notification",
  "pk": 15,
  "fields": {
    "title": "طلب معاينة جديد",
    "message": "تم إنشاء طلب معاينة جديد للعميل محمد السيد عوض من الطلب 01-0025-0001",
    "priority": "high",
    "created_at": "2025-06-11T09:21:56.108Z",
    "updated_at": "2025-06-11T11:29:04.217Z",
    "read_at": "2025-06-11T11:29:04.217Z",
    "is_read": true,
    "read_by": 6,
    "sender": 6,
    "target_department": 37,
    "target_branch": 18,
    "content_type": null,
    "object_id": null,
    "sender_department": null,
    "target_users": []
  }
},
{
  "model": "accounts.notification",
  "pk": 16,
  "fields": {
    "title": "طلب معاينة جديد",
    "message": "تم إنشاء طلب معاينة جديد للعميل باسم محمد يوسف من الطلب 14-0003-0001",
    "priority": "high",
    "created_at": "2025-06-16T17:38:46.740Z",
    "updated_at": "2025-06-16T18:14:13.567Z",
    "read_at": "2025-06-16T18:14:13.567Z",
    "is_read": true,
    "read_by": 6,
    "sender": 6,
    "target_department": 37,
    "target_branch": 18,
    "content_type": null,
    "object_id": null,
    "sender_department": null,
    "target_users": []
  }
},
{
  "model": "accounts.notification",
  "pk": 17,
  "fields": {
    "title": "طلب معاينة جديد",
    "message": "تم إنشاء طلب معاينة جديد للعميل مصطفى الرفاعي من الطلب 12-0003-0001",
    "priority": "high",
    "created_at": "2025-06-17T13:21:22.194Z",
    "updated_at": "2025-06-17T16:36:23.288Z",
    "read_at": "2025-06-17T16:36:23.288Z",
    "is_read": true,
    "read_by": 6,
    "sender": 6,
    "target_department": 37,
    "target_branch": 18,
    "content_type": null,
    "object_id": null,
    "sender_department": null,
    "target_users": []
  }
},
{
  "model": "accounts.companyinfo",
  "pk": 1,
  "fields": {
    "version": "1.0.0",
    "release_date": "2025-04-30",
    "developer": "zakee tahawi",
    "working_hours": "10:00am to 10:00pm",
    "name": "Elkhawaga",
    "copyright_text": "جميع الحقوق محفوظة لشركة الخواجة للستائر والمفروشات تطوير zakee tahawi",
    "logo": "",
    "address": "",
    "phone": "19148",
    "email": "info@elkhawaga.com",
    "tax_number": null,
    "commercial_register": null,
    "website": "http://www.elkhawaga.com",
    "social_links": null,
    "description": "",
    "facebook": null,
    "twitter": null,
    "instagram": null,
    "linkedin": null,
    "about": "",
    "vision": "",
    "mission": "",
    "primary_color": null,
    "secondary_color": null,
    "accent_color": null
  }
},
{
  "model": "accounts.salesperson",
  "pk": 1,
  "fields": {
    "name": "zakee tahawi",
    "employee_number": "268",
    "branch": 1,
    "phone": "01119238775",
    "email": null,
    "address": "cairo",
    "is_active": true,
    "notes": "",
    "created_at": "2025-05-03T15:52:43.869Z",
    "updated_at": "2025-05-03T15:52:43.869Z"
  }
},
{
  "model": "accounts.salesperson",
  "pk": 2,
  "fields": {
    "name": "رضا محمود",
    "employee_number": "172",
    "branch": 2,
    "phone": "01103022848",
    "email": null,
    "address": "",
    "is_active": true,
    "notes": "",
    "created_at": "2025-05-28T10:25:41.751Z",
    "updated_at": "2025-05-29T11:57:42.012Z"
  }
},
{
  "model": "accounts.salesperson",
  "pk": 3,
  "fields": {
    "name": "احمد سعيد زين",
    "employee_number": "275",
    "branch": 2,
    "phone": "",
    "email": null,
    "address": "",
    "is_active": true,
    "notes": "",
    "created_at": "2025-05-29T11:58:31.995Z",
    "updated_at": "2025-05-29T11:58:31.995Z"
  }
},
{
  "model": "accounts.salesperson",
  "pk": 4,
  "fields": {
    "name": "سيد ادم",
    "employee_number": "298",
    "branch": 2,
    "phone": "",
    "email": null,
    "address": "",
    "is_active": true,
    "notes": "",
    "created_at": "2025-05-29T11:59:06.744Z",
    "updated_at": "2025-05-29T11:59:06.744Z"
  }
},
{
  "model": "accounts.salesperson",
  "pk": 5,
  "fields": {
    "name": "مجدي الهم خليل معوض",
    "employee_number": "12",
    "branch": 12,
    "phone": "",
    "email": null,
    "address": "",
    "is_active": true,
    "notes": "",
    "created_at": "2025-05-29T12:11:31.108Z",
    "updated_at": "2025-05-29T12:11:31.108Z"
  }
},
{
  "model": "accounts.salesperson",
  "pk": 6,
  "fields": {
    "name": "شنوده رفعت عبدالشهيد",
    "employee_number": "14",
    "branch": 12,
    "phone": "",
    "email": null,
    "address": "",
    "is_active": true,
    "notes": "",
    "created_at": "2025-05-29T12:12:37.884Z",
    "updated_at": "2025-05-29T12:12:37.884Z"
  }
},
{
  "model": "accounts.salesperson",
  "pk": 7,
  "fields": {
    "name": "نادر ايمن عبدالغني منصور",
    "employee_number": "111",
    "branch": 12,
    "phone": "",
    "email": null,
    "address": "",
    "is_active": true,
    "notes": "",
    "created_at": "2025-05-29T12:13:38.216Z",
    "updated_at": "2025-05-29T12:13:38.216Z"
  }
},
{
  "model": "accounts.salesperson",
  "pk": 8,
  "fields": {
    "name": "سيد حامد عبدالرسول احمد",
    "employee_number": "309",
    "branch": 12,
    "phone": "",
    "email": null,
    "address": "",
    "is_active": true,
    "notes": "",
    "created_at": "2025-05-29T12:14:06.076Z",
    "updated_at": "2025-05-29T12:14:06.076Z"
  }
},
{
  "model": "accounts.salesperson",
  "pk": 9,
  "fields": {
    "name": "اميل يوسف سامي غطاس",
    "employee_number": "62",
    "branch": 11,
    "phone": "",
    "email": null,
    "address": "",
    "is_active": true,
    "notes": "",
    "created_at": "2025-05-29T12:16:03.241Z",
    "updated_at": "2025-05-29T12:16:03.241Z"
  }
},
{
  "model": "accounts.salesperson",
  "pk": 10,
  "fields": {
    "name": "يوسف لمعي بدروس",
    "employee_number": "64",
    "branch": 11,
    "phone": "",
    "email": null,
    "address": "",
    "is_active": true,
    "notes": "",
    "created_at": "2025-05-29T12:24:54.629Z",
    "updated_at": "2025-05-29T12:24:54.629Z"
  }
},
{
  "model": "accounts.salesperson",
  "pk": 11,
  "fields": {
    "name": "هانى صالح زكى سليمان",
    "employee_number": "89",
    "branch": 7,
    "phone": "",
    "email": null,
    "address": "",
    "is_active": true,
    "notes": "",
    "created_at": "2025-05-29T12:26:32.899Z",
    "updated_at": "2025-05-29T12:26:32.899Z"
  }
},
{
  "model": "accounts.salesperson",
  "pk": 12,
  "fields": {
    "name": "خليل ابراهيم محمود محمد",
    "employee_number": "90",
    "branch": 7,
    "phone": "",
    "email": null,
    "address": "",
    "is_active": true,
    "notes": "",
    "created_at": "2025-05-29T12:27:03.052Z",
    "updated_at": "2025-05-29T12:27:03.052Z"
  }
},
{
  "model": "accounts.salesperson",
  "pk": 13,
  "fields": {
    "name": "عواد كمال عواد خليفة",
    "employee_number": "252",
    "branch": 7,
    "phone": "",
    "email": null,
    "address": "",
    "is_active": true,
    "notes": "",
    "created_at": "2025-05-29T12:27:43.232Z",
    "updated_at": "2025-05-29T12:27:43.232Z"
  }
},
{
  "model": "accounts.salesperson",
  "pk": 14,
  "fields": {
    "name": "حسام صبحى بباوى بولس",
    "employee_number": "98",
    "branch": 10,
    "phone": "",
    "email": null,
    "address": "",
    "is_active": true,
    "notes": "",
    "created_at": "2025-05-29T12:31:18.440Z",
    "updated_at": "2025-05-29T12:31:18.440Z"
  }
},
{
  "model": "accounts.salesperson",
  "pk": 15,
  "fields": {
    "name": "محمد احمد صديق خميس",
    "employee_number": "99",
    "branch": 10,
    "phone": "",
    "email": null,
    "address": "",
    "is_active": true,
    "notes": "",
    "created_at": "2025-05-29T12:31:39.834Z",
    "updated_at": "2025-05-29T12:31:39.834Z"
  }
},
{
  "model": "accounts.salesperson",
  "pk": 16,
  "fields": {
    "name": "مصطفى على محمد محمود",
    "employee_number": "103",
    "branch": 10,
    "phone": "",
    "email": null,
    "address": "",
    "is_active": true,
    "notes": "",
    "created_at": "2025-05-29T12:32:04.427Z",
    "updated_at": "2025-05-29T12:32:04.427Z"
  }
},
{
  "model": "accounts.salesperson",
  "pk": 17,
  "fields": {
    "name": "محمد طارق توفيق ابوالنجا",
    "employee_number": "171",
    "branch": 10,
    "phone": "",
    "email": null,
    "address": "",
    "is_active": true,
    "notes": "",
    "created_at": "2025-05-29T12:33:56.719Z",
    "updated_at": "2025-05-29T12:33:56.719Z"
  }
},
{
  "model": "accounts.salesperson",
  "pk": 18,
  "fields": {
    "name": "محمود بهجت رشاد عثمان",
    "employee_number": "102",
    "branch": 9,
    "phone": "",
    "email": null,
    "address": "",
    "is_active": true,
    "notes": "",
    "created_at": "2025-05-29T12:35:20.161Z",
    "updated_at": "2025-05-29T12:35:20.161Z"
  }
},
{
  "model": "accounts.salesperson",
  "pk": 19,
  "fields": {
    "name": "بدور محمود سيد عبده سيد",
    "employee_number": "106",
    "branch": 9,
    "phone": "",
    "email": null,
    "address": "",
    "is_active": true,
    "notes": "",
    "created_at": "2025-05-29T12:36:06.403Z",
    "updated_at": "2025-05-29T12:36:06.403Z"
  }
},
{
  "model": "accounts.salesperson",
  "pk": 20,
  "fields": {
    "name": "مينا عزت عبدالملاك غطاس",
    "employee_number": "107",
    "branch": 9,
    "phone": "",
    "email": null,
    "address": "",
    "is_active": true,
    "notes": "",
    "created_at": "2025-05-29T12:36:43.954Z",
    "updated_at": "2025-05-29T12:36:43.954Z"
  }
},
{
  "model": "accounts.salesperson",
  "pk": 21,
  "fields": {
    "name": "محمد السيد احمد السيد",
    "employee_number": "110",
    "branch": 9,
    "phone": "",
    "email": null,
    "address": "",
    "is_active": true,
    "notes": "",
    "created_at": "2025-05-29T12:37:21.432Z",
    "updated_at": "2025-05-29T12:37:21.432Z"
  }
},
{
  "model": "accounts.salesperson",
  "pk": 22,
  "fields": {
    "name": "محمد عربى عرفات محمود",
    "employee_number": "119",
    "branch": 8,
    "phone": "",
    "email": null,
    "address": "",
    "is_active": true,
    "notes": "",
    "created_at": "2025-05-29T12:38:25.238Z",
    "updated_at": "2025-05-29T12:38:25.238Z"
  }
},
{
  "model": "accounts.salesperson",
  "pk": 23,
  "fields": {
    "name": "عصام محمود احمد على",
    "employee_number": "120",
    "branch": 8,
    "phone": "",
    "email": null,
    "address": "",
    "is_active": true,
    "notes": "",
    "created_at": "2025-05-29T12:38:59.444Z",
    "updated_at": "2025-05-29T12:38:59.444Z"
  }
},
{
  "model": "accounts.salesperson",
  "pk": 24,
  "fields": {
    "name": "صبحي عزير صبحي",
    "employee_number": "400",
    "branch": 8,
    "phone": "",
    "email": null,
    "address": "",
    "is_active": true,
    "notes": "",
    "created_at": "2025-05-29T12:39:49.484Z",
    "updated_at": "2025-05-29T12:39:49.484Z"
  }
},
{
  "model": "accounts.salesperson",
  "pk": 25,
  "fields": {
    "name": "ميلاد بباوى يوسف بباوى",
    "employee_number": "63",
    "branch": 16,
    "phone": "",
    "email": null,
    "address": "",
    "is_active": true,
    "notes": "",
    "created_at": "2025-05-29T12:40:59.560Z",
    "updated_at": "2025-05-29T12:40:59.560Z"
  }
},
{
  "model": "accounts.salesperson",
  "pk": 26,
  "fields": {
    "name": "ماجد سمير بخيت جندى",
    "employee_number": "123",
    "branch": 16,
    "phone": "",
    "email": null,
    "address": "",
    "is_active": true,
    "notes": "",
    "created_at": "2025-05-29T12:41:30.869Z",
    "updated_at": "2025-05-29T12:41:30.869Z"
  }
},
{
  "model": "accounts.salesperson",
  "pk": 27,
  "fields": {
    "name": "اشرف حسن محمد حسن",
    "employee_number": "380",
    "branch": 16,
    "phone": "",
    "email": null,
    "address": "",
    "is_active": true,
    "notes": "",
    "created_at": "2025-05-29T12:42:13.343Z",
    "updated_at": "2025-05-29T12:42:13.343Z"
  }
},
{
  "model": "accounts.salesperson",
  "pk": 28,
  "fields": {
    "name": "مينا صلاح ذكى سليمان",
    "employee_number": "389",
    "branch": 16,
    "phone": "",
    "email": null,
    "address": "",
    "is_active": true,
    "notes": "",
    "created_at": "2025-05-29T12:42:46.639Z",
    "updated_at": "2025-05-29T12:42:46.639Z"
  }
},
{
  "model": "accounts.salesperson",
  "pk": 29,
  "fields": {
    "name": "احمد برهان فاروق",
    "employee_number": "413",
    "branch": 16,
    "phone": "",
    "email": null,
    "address": "",
    "is_active": true,
    "notes": "",
    "created_at": "2025-05-29T12:43:41.813Z",
    "updated_at": "2025-05-29T12:43:41.813Z"
  }
},
{
  "model": "accounts.salesperson",
  "pk": 30,
  "fields": {
    "name": "جورج وليم وهبه حنا",
    "employee_number": "118",
    "branch": 15,
    "phone": "",
    "email": null,
    "address": "",
    "is_active": true,
    "notes": "",
    "created_at": "2025-05-29T12:45:07.177Z",
    "updated_at": "2025-05-29T12:45:07.177Z"
  }
},
{
  "model": "accounts.salesperson",
  "pk": 31,
  "fields": {
    "name": "طارق صفوت محمد خطاب",
    "employee_number": "292",
    "branch": 15,
    "phone": "",
    "email": null,
    "address": "",
    "is_active": true,
    "notes": "",
    "created_at": "2025-05-29T12:45:34.495Z",
    "updated_at": "2025-05-29T12:45:34.495Z"
  }
},
{
  "model": "accounts.salesperson",
  "pk": 32,
  "fields": {
    "name": "ايمن الهم خليل معوض",
    "employee_number": "125",
    "branch": 14,
    "phone": "",
    "email": null,
    "address": "",
    "is_active": true,
    "notes": "",
    "created_at": "2025-05-29T12:46:29.372Z",
    "updated_at": "2025-05-29T12:46:29.372Z"
  }
},
{
  "model": "accounts.salesperson",
  "pk": 33,
  "fields": {
    "name": "احمد حسنى احمد محمد قناوى",
    "employee_number": "136",
    "branch": 14,
    "phone": "",
    "email": null,
    "address": "",
    "is_active": true,
    "notes": "",
    "created_at": "2025-05-29T12:47:15.530Z",
    "updated_at": "2025-05-29T12:47:15.530Z"
  }
},
{
  "model": "accounts.salesperson",
  "pk": 35,
  "fields": {
    "name": "حسام مسعود السيد احمد",
    "employee_number": "134",
    "branch": 4,
    "phone": "",
    "email": null,
    "address": "",
    "is_active": true,
    "notes": "",
    "created_at": "2025-05-29T12:48:37.972Z",
    "updated_at": "2025-05-29T12:48:37.972Z"
  }
},
{
  "model": "accounts.salesperson",
  "pk": 36,
  "fields": {
    "name": "احمد محمد عبدالحفيظ محمود",
    "employee_number": "253",
    "branch": 4,
    "phone": "",
    "email": null,
    "address": "",
    "is_active": true,
    "notes": "",
    "created_at": "2025-05-29T12:49:16.952Z",
    "updated_at": "2025-05-29T12:49:16.952Z"
  }
},
{
  "model": "accounts.salesperson",
  "pk": 37,
  "fields": {
    "name": "احمد  عصام جودة قاسم",
    "employee_number": "112",
    "branch": 13,
    "phone": "",
    "email": null,
    "address": "",
    "is_active": true,
    "notes": "",
    "created_at": "2025-05-29T12:51:38.574Z",
    "updated_at": "2025-05-29T12:51:38.574Z"
  }
},
{
  "model": "accounts.salesperson",
  "pk": 38,
  "fields": {
    "name": "طه احمد طه حسنين",
    "employee_number": "138",
    "branch": 13,
    "phone": "",
    "email": null,
    "address": "",
    "is_active": true,
    "notes": "",
    "created_at": "2025-05-29T12:57:55.798Z",
    "updated_at": "2025-05-29T12:57:55.798Z"
  }
},
{
  "model": "accounts.salesperson",
  "pk": 39,
  "fields": {
    "name": "هانى بخيت حبيب بخيت",
    "employee_number": "139",
    "branch": 13,
    "phone": "",
    "email": null,
    "address": "",
    "is_active": true,
    "notes": "",
    "created_at": "2025-05-29T12:58:19.128Z",
    "updated_at": "2025-05-29T12:58:19.128Z"
  }
},
{
  "model": "accounts.salesperson",
  "pk": 40,
  "fields": {
    "name": "على محمود على احمد",
    "employee_number": "245",
    "branch": 13,
    "phone": "",
    "email": null,
    "address": "",
    "is_active": true,
    "notes": "",
    "created_at": "2025-05-29T12:58:39.054Z",
    "updated_at": "2025-05-29T12:58:39.054Z"
  }
},
{
  "model": "accounts.salesperson",
  "pk": 41,
  "fields": {
    "name": "فرحان فوزى محمد ابراهيم",
    "employee_number": "17",
    "branch": 6,
    "phone": "",
    "email": null,
    "address": "",
    "is_active": true,
    "notes": "",
    "created_at": "2025-05-29T13:04:53.296Z",
    "updated_at": "2025-05-29T13:04:53.296Z"
  }
},
{
  "model": "accounts.salesperson",
  "pk": 42,
  "fields": {
    "name": "وائل رشدى عبد السيد",
    "employee_number": "145",
    "branch": 6,
    "phone": "",
    "email": null,
    "address": "",
    "is_active": true,
    "notes": "",
    "created_at": "2025-05-29T13:05:34.861Z",
    "updated_at": "2025-05-29T13:05:34.861Z"
  }
},
{
  "model": "accounts.salesperson",
  "pk": 43,
  "fields": {
    "name": "ارميا فريد راسله يوسف",
    "employee_number": "147",
    "branch": 6,
    "phone": "",
    "email": null,
    "address": "",
    "is_active": true,
    "notes": "",
    "created_at": "2025-05-29T13:06:21.927Z",
    "updated_at": "2025-05-29T13:06:21.927Z"
  }
},
{
  "model": "accounts.salesperson",
  "pk": 44,
  "fields": {
    "name": "احمد صلاح احمد محمد على",
    "employee_number": "148",
    "branch": 6,
    "phone": "",
    "email": null,
    "address": "",
    "is_active": true,
    "notes": "",
    "created_at": "2025-05-29T13:07:21.381Z",
    "updated_at": "2025-05-29T13:07:21.381Z"
  }
},
{
  "model": "accounts.salesperson",
  "pk": 45,
  "fields": {
    "name": "ابراهيم سليمان اسكندر ابراهيم",
    "employee_number": "418",
    "branch": 6,
    "phone": "",
    "email": null,
    "address": "",
    "is_active": true,
    "notes": "",
    "created_at": "2025-05-29T13:08:39.342Z",
    "updated_at": "2025-05-29T13:08:39.342Z"
  }
},
{
  "model": "accounts.salesperson",
  "pk": 46,
  "fields": {
    "name": "هدهود السيد احمد على",
    "employee_number": "133",
    "branch": 5,
    "phone": "",
    "email": null,
    "address": "",
    "is_active": true,
    "notes": "",
    "created_at": "2025-05-29T13:10:00.711Z",
    "updated_at": "2025-05-29T13:10:00.711Z"
  }
},
{
  "model": "accounts.salesperson",
  "pk": 47,
  "fields": {
    "name": "اسحق عبدالنور عبده مرجان",
    "employee_number": "157",
    "branch": 5,
    "phone": "",
    "email": null,
    "address": "",
    "is_active": true,
    "notes": "",
    "created_at": "2025-05-29T13:10:40.011Z",
    "updated_at": "2025-05-29T13:10:40.011Z"
  }
},
{
  "model": "accounts.salesperson",
  "pk": 48,
  "fields": {
    "name": "سيد محمد حسن محمد",
    "employee_number": "159",
    "branch": 5,
    "phone": "",
    "email": null,
    "address": "",
    "is_active": true,
    "notes": "",
    "created_at": "2025-05-29T13:11:11.779Z",
    "updated_at": "2025-05-29T13:11:11.779Z"
  }
},
{
  "model": "accounts.salesperson",
  "pk": 51,
  "fields": {
    "name": "احمد فتحى عدلى محمد",
    "employee_number": "289",
    "branch": 19,
    "phone": "",
    "email": null,
    "address": "",
    "is_active": true,
    "notes": "",
    "created_at": "2025-05-30T08:54:01.541Z",
    "updated_at": "2025-05-30T08:54:01.541Z"
  }
},
{
  "model": "accounts.salesperson",
  "pk": 52,
  "fields": {
    "name": "نادر عصام عبدالمجيد احمد",
    "employee_number": "68",
    "branch": 19,
    "phone": "",
    "email": null,
    "address": "",
    "is_active": true,
    "notes": "",
    "created_at": "2025-05-30T08:55:37.415Z",
    "updated_at": "2025-05-30T08:55:37.415Z"
  }
},
{
  "model": "accounts.salesperson",
  "pk": 53,
  "fields": {
    "name": "بيشوى يوسف شحاته فهيم بطرس",
    "employee_number": "69",
    "branch": 19,
    "phone": "",
    "email": null,
    "address": "",
    "is_active": true,
    "notes": "",
    "created_at": "2025-05-30T08:55:53.887Z",
    "updated_at": "2025-05-30T08:55:53.887Z"
  }
},
{
  "model": "accounts.salesperson",
  "pk": 54,
  "fields": {
    "name": "رومانى رضا نصيف حنا",
    "employee_number": "70",
    "branch": 19,
    "phone": "",
    "email": null,
    "address": "",
    "is_active": true,
    "notes": "",
    "created_at": "2025-05-30T08:56:22.121Z",
    "updated_at": "2025-05-30T08:56:22.121Z"
  }
},
{
  "model": "accounts.salesperson",
  "pk": 55,
  "fields": {
    "name": "احمد عزت حسن احمد شاكر",
    "employee_number": "72",
    "branch": 19,
    "phone": "",
    "email": null,
    "address": "",
    "is_active": true,
    "notes": "",
    "created_at": "2025-05-30T08:56:47.884Z",
    "updated_at": "2025-05-30T08:56:47.884Z"
  }
},
{
  "model": "accounts.salesperson",
  "pk": 56,
  "fields": {
    "name": "مصطفى محمود زغلول كامل متولى",
    "employee_number": "283",
    "branch": 19,
    "phone": "",
    "email": null,
    "address": "",
    "is_active": true,
    "notes": "",
    "created_at": "2025-05-30T08:58:46.905Z",
    "updated_at": "2025-05-30T08:58:46.905Z"
  }
},
{
  "model": "accounts.contactformsettings",
  "pk": 1,
  "fields": {
    "title": "اتصل بنا",
    "description": null,
    "company_name": "Elkhawaga",
    "contact_email": "info@elkhawaga.com",
    "contact_phone": "+20 123 456 7890",
    "contact_address": "مدينة نصر",
    "contact_hours": "9 صباحاً - 5 مساءً",
    "form_title": "نموذج الاتصال",
    "form_success_message": "تم إرسال رسالتك بنجاح. سنتواصل معك قريباً.",
    "form_error_message": "يرجى ملء جميع الحقول المطلوبة."
  }
},
{
  "model": "accounts.footersettings",
  "pk": 1,
  "fields": {
    "left_column_title": "Elkhawaga",
    "left_column_text": "نظام متكامل لإدارة العملاء والمبيعات والإنتاج والمخزون",
    "middle_column_title": "روابط سريعة",
    "right_column_title": "تواصل معنا"
  }
},
{
  "model": "accounts.footersettings",
  "pk": 10,
  "fields": {
    "left_column_title": "عن الشركة",
    "left_column_text": "نظام متكامل لإدارة العملاء والمبيعات والإنتاج والمخزون",
    "middle_column_title": "روابط سريعة",
    "right_column_title": "تواصل معنا"
  }
},
{
  "model": "accounts.aboutpagesettings",
  "pk": 1,
  "fields": {
    "title": "عن النظام",
    "subtitle": "نظام إدارة المصنع والعملاء",
    "system_version": "1.0.0",
    "system_release_date": "2025-04-30",
    "system_developer": "zakee tahawi",
    "system_description": "نظام متكامل لإدارة العملاء والمبيعات والإنتاج والمخزون"
  }
},
{
  "model": "accounts.role",
  "pk": 1,
  "fields": {
    "name": "مدير النظام",
    "description": "الصلاحيات الكاملة على النظام",
    "is_system_role": true,
    "created_at": "2025-05-05T11:21:25.630Z",
    "updated_at": "2025-05-05T11:21:25.630Z",
    "permissions": []
  }
},
{
  "model": "accounts.role",
  "pk": 2,
  "fields": {
    "name": "مدير",
    "description": "صلاحيات إدارية على معظم الميزات",
    "is_system_role": true,
    "created_at": "2025-05-05T11:21:25.640Z",
    "updated_at": "2025-05-05T11:21:25.640Z",
    "permissions": []
  }
},
{
  "model": "accounts.role",
  "pk": 3,
  "fields": {
    "name": "مدير مبيعات",
    "description": "صلاحيات على المبيعات والعملاء",
    "is_system_role": true,
    "created_at": "2025-05-05T11:21:25.643Z",
    "updated_at": "2025-05-05T11:21:25.643Z",
    "permissions": []
  }
},
{
  "model": "accounts.role",
  "pk": 4,
  "fields": {
    "name": "فني معاينة",
    "description": "صلاحيات تتعلق بالمعاينات",
    "is_system_role": true,
    "created_at": "2025-05-05T11:21:25.647Z",
    "updated_at": "2025-05-05T11:21:25.647Z",
    "permissions": []
  }
},
{
  "model": "accounts.role",
  "pk": 5,
  "fields": {
    "name": "فني تركيب",
    "description": "صلاحيات تتعلق بالتركيبات",
    "is_system_role": true,
    "created_at": "2025-05-05T11:21:25.652Z",
    "updated_at": "2025-05-05T11:21:25.652Z",
    "permissions": []
  }
},
{
  "model": "accounts.role",
  "pk": 6,
  "fields": {
    "name": "مسؤول المخزون",
    "description": "صلاحيات على المخزون والمنتجات",
    "is_system_role": true,
    "created_at": "2025-05-05T11:21:25.656Z",
    "updated_at": "2025-05-05T11:21:25.656Z",
    "permissions": []
  }
},
{
  "model": "accounts.role",
  "pk": 7,
  "fields": {
    "name": "مسؤول المصنع",
    "description": "صلاحيات على المصنع والإنتاج",
    "is_system_role": true,
    "created_at": "2025-05-05T11:21:25.664Z",
    "updated_at": "2025-05-05T11:21:25.664Z",
    "permissions": []
  }
},
{
  "model": "accounts.role",
  "pk": 8,
  "fields": {
    "name": "موظف مبيعات",
    "description": "صلاحيات محدودة للعمل على المبيعات",
    "is_system_role": true,
    "created_at": "2025-05-05T11:21:25.672Z",
    "updated_at": "2025-05-05T11:21:25.672Z",
    "permissions": []
  }
},
{
  "model": "accounts.userrole",
  "pk": 3,
  "fields": {
    "user": 8,
    "role": 1,
    "assigned_at": "2025-06-13T13:34:06.394Z"
  }
},
{
  "model": "accounts.branchmessage",
  "pk": 3,
  "fields": {
    "branch": 16,
    "title": "☺️Welcome",
    "message": "اهلا بكم في فرع النزهة",
    "message_type": "announcement",
    "color": "primary",
    "icon": "fas fa-bell",
    "start_date": "2025-06-04T15:59:31Z",
    "end_date": "2025-06-04T21:00:00Z",
    "is_active": true,
    "created_at": "2025-06-04T15:59:34.214Z",
    "updated_at": "2025-06-04T16:35:59.950Z"
  }
},
{
  "model": "customers.customercategory",
  "pk": 1,
  "fields": {
    "name": "T.D.S",
    "description": "عميل تعارف معرض TDS شهر 5 سنة 2025",
    "created_at": "2025-06-03T16:26:04.909Z"
  }
},
{
  "model": "customers.customercategory",
  "pk": 2,
  "fields": {
    "name": "Le Marchè",
    "description": "عميل تعارف Le Marchè",
    "created_at": "2025-06-03T16:27:16.505Z"
  }
},
{
  "model": "customers.customercategory",
  "pk": 3,
  "fields": {
    "name": "ONLINE",
    "description": "عميل تعارف  سوشال ميديا",
    "created_at": "2025-06-03T16:27:47.544Z"
  }
},
{
  "model": "customers.customercategory",
  "pk": 4,
  "fields": {
    "name": "فرع",
    "description": "عميل تعارف فرع",
    "created_at": "2025-06-03T16:35:49.206Z"
  }
},
{
  "model": "customers.customercategory",
  "pk": 5,
  "fields": {
    "name": "مخزن رئيسي",
    "description": "تعارف جملة",
    "created_at": "2025-06-03T16:36:22.038Z"
  }
},
{
  "model": "customers.customernote",
  "pk": 1,
  "fields": {
    "customer": 5,
    "note": "تعاقد من المنزل",
    "created_by": 2,
    "created_at": "2025-05-27T10:53:23.635Z"
  }
},
{
  "model": "customers.customertype",
  "pk": 1,
  "fields": {
    "code": "retail",
    "name": "أفراد",
    "description": "عملاء التجزئة",
    "is_active": true,
    "created_at": "2025-06-03T16:37:47.959Z"
  }
},
{
  "model": "customers.customertype",
  "pk": 2,
  "fields": {
    "code": "wholesale",
    "name": "جملة",
    "description": "عملاء الجملة",
    "is_active": true,
    "created_at": "2025-06-03T16:37:47.962Z"
  }
},
{
  "model": "customers.customertype",
  "pk": 3,
  "fields": {
    "code": "corporate",
    "name": "شركات",
    "description": "العملاء من الشركات",
    "is_active": true,
    "created_at": "2025-06-03T16:37:47.964Z"
  }
},
{
  "model": "customers.customertype",
  "pk": 4,
  "fields": {
    "code": "vip",
    "name": "VIP",
    "description": "عملاء VIP وكبار العملاء",
    "is_active": true,
    "created_at": "2025-06-03T16:37:47.966Z"
  }
},
{
  "model": "customers.customertype",
  "pk": 5,
  "fields": {
    "code": "distributor",
    "name": "موزعين",
    "description": "الموزعين والوكلاء",
    "is_active": true,
    "created_at": "2025-06-03T16:37:47.968Z"
  }
},
{
  "model": "customers.customertype",
  "pk": 6,
  "fields": {
    "code": "government",
    "name": "جهات حكومية",
    "description": "المؤسسات والجهات الحكومية",
    "is_active": true,
    "created_at": "2025-06-03T16:37:47.971Z"
  }
},
{
  "model": "customers.customertype",
  "pk": 7,
  "fields": {
    "code": "designer",
    "name": "مهندس ديكور",
    "description": "",
    "is_active": true,
    "created_at": "2025-06-17T10:41:59.171Z"
  }
},
{
  "model": "customers.customer",
  "pk": 3,
  "fields": {
    "code": "01-0017",
    "image": "",
    "category": null,
    "customer_type": "retail",
    "name": "خالد حسين عزالدين",
    "branch": 1,
    "phone": "1116655455",
    "phone2": null,
    "email": null,
    "address": "المعادي",
    "interests": "",
    "status": "active",
    "notes": "",
    "created_by": 2,
    "created_at": "2025-05-27T10:50:52.151Z",
    "updated_at": "2025-05-27T10:50:52.151Z"
  }
},
{
  "model": "customers.customer",
  "pk": 4,
  "fields": {
    "code": "01-0018",
    "image": "",
    "category": null,
    "customer_type": "retail",
    "name": "مارينا برهوم واصف",
    "branch": 1,
    "phone": "1225714200",
    "phone2": null,
    "email": null,
    "address": "مساكن شيراتون",
    "interests": "",
    "status": "active",
    "notes": "",
    "created_by": 2,
    "created_at": "2025-05-27T10:52:33.291Z",
    "updated_at": "2025-05-27T10:52:33.291Z"
  }
},
{
  "model": "customers.customer",
  "pk": 5,
  "fields": {
    "code": "01-0019",
    "image": "",
    "category": null,
    "customer_type": "retail",
    "name": "محمد مجدي",
    "branch": 1,
    "phone": "1222298089",
    "phone2": null,
    "email": null,
    "address": "حدائق الاهرام",
    "interests": "",
    "status": "active",
    "notes": "تعاقد من المنزل",
    "created_by": 2,
    "created_at": "2025-05-27T10:53:23.628Z",
    "updated_at": "2025-05-27T10:53:23.628Z"
  }
},
{
  "model": "customers.customer",
  "pk": 6,
  "fields": {
    "code": "01-0020",
    "image": "",
    "category": null,
    "customer_type": "retail",
    "name": "عبير حمدان عبدالغني",
    "branch": 1,
    "phone": "1003022002",
    "phone2": null,
    "email": null,
    "address": "اكتوبر دريم لاند",
    "interests": "",
    "status": "active",
    "notes": "",
    "created_by": 2,
    "created_at": "2025-05-27T10:54:02.843Z",
    "updated_at": "2025-05-27T10:54:02.843Z"
  }
},
{
  "model": "customers.customer",
  "pk": 7,
  "fields": {
    "code": "01-0006",
    "image": "",
    "category": null,
    "customer_type": "retail",
    "name": "رشا رفيقه اخضار",
    "branch": 1,
    "phone": "01055332259",
    "phone2": null,
    "email": null,
    "address": "مدينتي (b12) (G 125 )\r\nعماره (30) \r\n الدور (5)",
    "interests": "",
    "status": "active",
    "notes": "ارفاق كرتلات مع المعاينه (KATTY LINEN)\r\nDOS (3015)\r\nDOS (3014)",
    "created_by": null,
    "created_at": "2025-05-13T16:39:21.546Z",
    "updated_at": "2025-05-13T16:39:21.546Z"
  }
},
{
  "model": "customers.customer",
  "pk": 8,
  "fields": {
    "code": "01-0007",
    "image": "",
    "category": null,
    "customer_type": "retail",
    "name": "رامي ابو العنين",
    "branch": 1,
    "phone": "1096805047",
    "phone2": null,
    "email": null,
    "address": "الرحاب",
    "interests": "",
    "status": "active",
    "notes": "الساعه 12",
    "created_by": null,
    "created_at": "2025-05-13T16:39:21.540Z",
    "updated_at": "2025-05-13T16:39:21.540Z"
  }
},
{
  "model": "customers.customer",
  "pk": 9,
  "fields": {
    "code": "01-0021",
    "image": "",
    "category": null,
    "customer_type": "retail",
    "name": "طارق عادل السيد",
    "branch": 1,
    "phone": "1002142261",
    "phone2": null,
    "email": null,
    "address": "حلوان",
    "interests": "",
    "status": "active",
    "notes": "",
    "created_by": 2,
    "created_at": "2025-05-27T10:55:01.348Z",
    "updated_at": "2025-05-27T10:55:01.348Z"
  }
},
{
  "model": "customers.customer",
  "pk": 10,
  "fields": {
    "code": "01-0009",
    "image": "",
    "category": null,
    "customer_type": "retail",
    "name": "ايمان جمال حامد",
    "branch": 1,
    "phone": "01146072669/01060376",
    "phone2": null,
    "email": null,
    "address": "العبور",
    "interests": "",
    "status": "active",
    "notes": "",
    "created_by": null,
    "created_at": "2025-05-13T16:39:21.530Z",
    "updated_at": "2025-05-13T16:39:21.530Z"
  }
},
{
  "model": "customers.customer",
  "pk": 11,
  "fields": {
    "code": "01-0010",
    "image": "",
    "category": null,
    "customer_type": "retail",
    "name": "محمود محمد احمد",
    "branch": 1,
    "phone": "01019513360/01095261",
    "phone2": null,
    "email": null,
    "address": "العاصمه الاداريه",
    "interests": "",
    "status": "active",
    "notes": "التواصل قبل المعاد بساعتين على الاقل",
    "created_by": null,
    "created_at": "2025-05-13T16:39:21.525Z",
    "updated_at": "2025-05-13T16:39:21.525Z"
  }
},
{
  "model": "customers.customer",
  "pk": 12,
  "fields": {
    "code": "01-0011",
    "image": "",
    "category": null,
    "customer_type": "retail",
    "name": "ياسمين صبحي ابراهيم",
    "branch": 1,
    "phone": "1070004144",
    "phone2": null,
    "email": null,
    "address": "مدينتي",
    "interests": "",
    "status": "active",
    "notes": "",
    "created_by": null,
    "created_at": "2025-05-13T16:39:21.517Z",
    "updated_at": "2025-05-13T16:39:21.517Z"
  }
},
{
  "model": "customers.customer",
  "pk": 13,
  "fields": {
    "code": "01-0012",
    "image": "",
    "category": null,
    "customer_type": "retail",
    "name": "عبدالرحمن حسام الدين",
    "branch": 1,
    "phone": "01090552242/01005742",
    "phone2": null,
    "email": null,
    "address": "حدائق اكتوبر",
    "interests": "",
    "status": "active",
    "notes": "الساعه 3.5",
    "created_by": null,
    "created_at": "2025-05-13T16:39:21.511Z",
    "updated_at": "2025-05-13T16:39:21.511Z"
  }
},
{
  "model": "customers.customer",
  "pk": 14,
  "fields": {
    "code": "01-0013",
    "image": "",
    "category": null,
    "customer_type": "retail",
    "name": "باسم صبحي راضون",
    "branch": 1,
    "phone": "01114479757/01015949",
    "phone2": null,
    "email": null,
    "address": "اكتوبر سكن مصر",
    "interests": "",
    "status": "active",
    "notes": "الساعه 6",
    "created_by": null,
    "created_at": "2025-05-13T16:39:21.503Z",
    "updated_at": "2025-05-13T16:39:21.503Z"
  }
},
{
  "model": "customers.customer",
  "pk": 15,
  "fields": {
    "code": "01-0014",
    "image": "",
    "category": null,
    "customer_type": "retail",
    "name": "احمد صالح رمضان",
    "branch": 1,
    "phone": "1220221222/010011327",
    "phone2": null,
    "email": null,
    "address": "مدينتي",
    "interests": "",
    "status": "active",
    "notes": "فيلا 3 ادوار",
    "created_by": null,
    "created_at": "2025-05-13T16:39:21.496Z",
    "updated_at": "2025-05-13T16:39:21.496Z"
  }
},
{
  "model": "customers.customer",
  "pk": 16,
  "fields": {
    "code": "01-0015",
    "image": "",
    "category": null,
    "customer_type": "retail",
    "name": "محمد اسامه",
    "branch": 1,
    "phone": "1111717582",
    "phone2": null,
    "email": null,
    "address": "مدينتي",
    "interests": "",
    "status": "active",
    "notes": "الساعه 5",
    "created_by": null,
    "created_at": "2025-05-13T16:39:21.491Z",
    "updated_at": "2025-05-13T16:39:21.491Z"
  }
},
{
  "model": "customers.customer",
  "pk": 17,
  "fields": {
    "code": "01-0016",
    "image": "",
    "category": null,
    "customer_type": "retail",
    "name": "محمد سلطان المطيري",
    "branch": 1,
    "phone": "1099866660",
    "phone2": null,
    "email": null,
    "address": "الجيزه",
    "interests": "",
    "status": "active",
    "notes": "الساعه 12",
    "created_by": null,
    "created_at": "2025-05-13T16:39:21.483Z",
    "updated_at": "2025-05-13T16:39:21.483Z"
  }
},
{
  "model": "customers.customer",
  "pk": 18,
  "fields": {
    "code": "01-0022",
    "image": "",
    "category": null,
    "customer_type": "retail",
    "name": "احمد علي محمد",
    "branch": 1,
    "phone": "1224446666",
    "phone2": null,
    "email": null,
    "address": "الشروق",
    "interests": "",
    "status": "active",
    "notes": "",
    "created_by": 2,
    "created_at": "2025-05-27T10:56:26.261Z",
    "updated_at": "2025-05-27T10:56:26.261Z"
  }
},
{
  "model": "customers.customer",
  "pk": 19,
  "fields": {
    "code": "01-0023",
    "image": "",
    "category": null,
    "customer_type": "retail",
    "name": "سها محمد مهيب",
    "branch": 1,
    "phone": "1010990505",
    "phone2": null,
    "email": null,
    "address": "المعادي",
    "interests": "",
    "status": "active",
    "notes": "",
    "created_by": 2,
    "created_at": "2025-05-27T11:01:44.739Z",
    "updated_at": "2025-05-27T11:01:44.739Z"
  }
},
{
  "model": "customers.customer",
  "pk": 21,
  "fields": {
    "code": "01-0024",
    "image": "",
    "category": null,
    "customer_type": "retail",
    "name": "سبا ابرام العشري",
    "branch": 1,
    "phone": "01080881778",
    "phone2": null,
    "email": null,
    "address": "مدينتي",
    "interests": "",
    "status": "active",
    "notes": "",
    "created_by": 2,
    "created_at": "2025-05-27T12:23:16.895Z",
    "updated_at": "2025-05-27T12:23:16.895Z"
  }
},
{
  "model": "customers.customer",
  "pk": 22,
  "fields": {
    "code": "01-0025",
    "image": "",
    "category": 1,
    "customer_type": "retail",
    "name": "محمد السيد عوض",
    "branch": 1,
    "phone": "01062877538/11100133",
    "phone2": null,
    "email": null,
    "address": "الساحل كومباوند جايا راس الحكمه",
    "interests": "",
    "status": "active",
    "notes": "معرض T.D.S",
    "created_by": 2,
    "created_at": "2025-05-27T12:24:50.597Z",
    "updated_at": "2025-06-04T10:21:11.730Z"
  }
},
{
  "model": "customers.customer",
  "pk": 41,
  "fields": {
    "code": "9-0001",
    "image": "",
    "category": 4,
    "customer_type": "retail",
    "name": "محمد احمد سيد محمد",
    "branch": 12,
    "phone": "01153900335",
    "phone2": "01115788590",
    "email": null,
    "address": "اكتوبر الحي 5",
    "interests": "",
    "status": "active",
    "notes": "",
    "created_by": 2,
    "created_at": "2025-06-12T13:15:11.063Z",
    "updated_at": "2025-06-12T13:15:11.063Z"
  }
},
{
  "model": "customers.customer",
  "pk": 42,
  "fields": {
    "code": "9-0002",
    "image": "",
    "category": 4,
    "customer_type": "retail",
    "name": "كنزي حسن جلال",
    "branch": 12,
    "phone": "01006062961",
    "phone2": "",
    "email": null,
    "address": "اكتوبر محور جمال عبدالناصر",
    "interests": "",
    "status": "active",
    "notes": "",
    "created_by": 2,
    "created_at": "2025-06-12T13:23:24.833Z",
    "updated_at": "2025-06-16T09:05:56.934Z"
  }
},
{
  "model": "customers.customer",
  "pk": 43,
  "fields": {
    "code": "7-0001",
    "image": "",
    "category": 4,
    "customer_type": "retail",
    "name": "نورا محمد صبيح",
    "branch": 8,
    "phone": "01111345069",
    "phone2": "01125898956",
    "email": null,
    "address": "حدائق اكتوبر",
    "interests": "",
    "status": "active",
    "notes": "",
    "created_by": 2,
    "created_at": "2025-06-12T13:24:59.421Z",
    "updated_at": "2025-06-12T13:24:59.421Z"
  }
},
{
  "model": "customers.customer",
  "pk": 44,
  "fields": {
    "code": "12-0001",
    "image": "",
    "category": 4,
    "customer_type": "retail",
    "name": "حازم بدوي محمود",
    "branch": 13,
    "phone": "01092408624",
    "phone2": "01158275000",
    "email": null,
    "address": "حدائق اكتوبر",
    "interests": "",
    "status": "active",
    "notes": "",
    "created_by": 2,
    "created_at": "2025-06-12T13:29:03.308Z",
    "updated_at": "2025-06-12T13:29:03.308Z"
  }
},
{
  "model": "customers.customer",
  "pk": 46,
  "fields": {
    "code": "12-0002",
    "image": "",
    "category": 4,
    "customer_type": "retail",
    "name": "جلال الدين احمد رضا",
    "branch": 13,
    "phone": "01096429430",
    "phone2": "01032180072",
    "email": null,
    "address": "حدائق الاهرام",
    "interests": "",
    "status": "active",
    "notes": "",
    "created_by": 2,
    "created_at": "2025-06-16T08:59:11.380Z",
    "updated_at": "2025-06-16T08:59:11.380Z"
  }
},
{
  "model": "customers.customer",
  "pk": 47,
  "fields": {
    "code": "13-0001",
    "image": "",
    "category": 4,
    "customer_type": "retail",
    "name": "عمرو السبكي",
    "branch": 14,
    "phone": "01011400499",
    "phone2": "",
    "email": null,
    "address": "الشيخ زايد",
    "interests": "",
    "status": "active",
    "notes": "",
    "created_by": 2,
    "created_at": "2025-06-16T09:00:18.468Z",
    "updated_at": "2025-06-16T09:04:45.325Z"
  }
},
{
  "model": "customers.customer",
  "pk": 48,
  "fields": {
    "code": "8-0001",
    "image": "",
    "category": 4,
    "customer_type": "retail",
    "name": "محمد جوده حسين",
    "branch": 9,
    "phone": "01101112218",
    "phone2": "",
    "email": null,
    "address": "مدينه نصر",
    "interests": "",
    "status": "active",
    "notes": "",
    "created_by": 2,
    "created_at": "2025-06-16T09:01:10.973Z",
    "updated_at": "2025-06-16T09:05:06.305Z"
  }
},
{
  "model": "customers.customer",
  "pk": 49,
  "fields": {
    "code": "8-0002",
    "image": "",
    "category": 4,
    "customer_type": "retail",
    "name": "محمد فوزي المليجي",
    "branch": 9,
    "phone": "01007443492",
    "phone2": "",
    "email": null,
    "address": "المقطم",
    "interests": "",
    "status": "active",
    "notes": "",
    "created_by": 2,
    "created_at": "2025-06-16T09:02:22.948Z",
    "updated_at": "2025-06-16T09:05:22.417Z"
  }
},
{
  "model": "customers.customer",
  "pk": 50,
  "fields": {
    "code": "7-0002",
    "image": "",
    "category": 4,
    "customer_type": "retail",
    "name": "امنيه هشام",
    "branch": 8,
    "phone": "01550843581",
    "phone2": "",
    "email": null,
    "address": "التجمع الاول",
    "interests": "",
    "status": "active",
    "notes": "",
    "created_by": 2,
    "created_at": "2025-06-16T09:03:05.676Z",
    "updated_at": "2025-06-16T09:05:39.277Z"
  }
},
{
  "model": "customers.customer",
  "pk": 51,
  "fields": {
    "code": "14-0001",
    "image": "",
    "category": 4,
    "customer_type": "retail",
    "name": "مهاب اشرف فؤاد",
    "branch": 2,
    "phone": "01140064682",
    "phone2": "",
    "email": null,
    "address": "التجمع الاول",
    "interests": "",
    "status": "active",
    "notes": "",
    "created_by": 2,
    "created_at": "2025-06-16T09:04:16.619Z",
    "updated_at": "2025-06-16T09:04:16.619Z"
  }
},
{
  "model": "customers.customer",
  "pk": 52,
  "fields": {
    "code": "8-0003",
    "image": "",
    "category": 4,
    "customer_type": "retail",
    "name": "عباس محمد صفوت",
    "branch": 9,
    "phone": "01000111758",
    "phone2": "01065881126",
    "email": null,
    "address": "التجمع الخامس",
    "interests": "",
    "status": "active",
    "notes": "التواصل واتساب افضل",
    "created_by": 2,
    "created_at": "2025-06-16T09:07:25.885Z",
    "updated_at": "2025-06-16T09:07:25.885Z"
  }
},
{
  "model": "customers.customer",
  "pk": 53,
  "fields": {
    "code": "14-0002",
    "image": "",
    "category": 4,
    "customer_type": "retail",
    "name": "يوسف ممدوح المهندس",
    "branch": 2,
    "phone": "01001235162",
    "phone2": "",
    "email": null,
    "address": "مدينتي",
    "interests": "",
    "status": "active",
    "notes": "",
    "created_by": 2,
    "created_at": "2025-06-16T09:09:35.076Z",
    "updated_at": "2025-06-16T09:09:35.076Z"
  }
},
{
  "model": "customers.customer",
  "pk": 54,
  "fields": {
    "code": "14-0003",
    "image": "",
    "category": 4,
    "customer_type": "retail",
    "name": "باسم محمد يوسف",
    "branch": 2,
    "phone": "01017118252",
    "phone2": "01017245533",
    "email": null,
    "address": "مدينتي",
    "interests": "",
    "status": "active",
    "notes": "",
    "created_by": 2,
    "created_at": "2025-06-16T09:11:36.771Z",
    "updated_at": "2025-06-16T09:11:36.771Z"
  }
},
{
  "model": "customers.customer",
  "pk": 55,
  "fields": {
    "code": "12-0003",
    "image": "",
    "category": 1,
    "customer_type": "designer",
    "name": "مصطفى الرفاعي",
    "branch": 13,
    "phone": "01005559940",
    "phone2": "",
    "email": null,
    "address": "فيصل",
    "interests": "",
    "status": "active",
    "notes": "نسبة خصم 10% على اجمالي الفاتورة",
    "created_by": 6,
    "created_at": "2025-06-17T10:40:31.837Z",
    "updated_at": "2025-06-17T10:42:14.038Z"
  }
}
]
